﻿trials_2.thisRepN,trials_2.thisTrialN,trials_2.thisN,trials_2.thisIndex,word,answer,thisRow.t,notes,TextDisplay1.started,text_1.started,key1.started,TextDisplay1.stopped,key1.keys,key1.rt,key1.duration,StartResting.started,text_2.started,key2.started,StartResting.stopped,key2.keys,key2.rt,key2.duration,Eyes.started,text_3.started,text_4.started,text_3.stopped,Eyes.stopped,Transition1.started,image_1.started,text_5.started,text_9.started,key_resp_2.started,image_1.stopped,text_5.stopped,Transition1.stopped,key_resp_2.keys,key_resp_2.rt,key_resp_2.duration,Instructions11.started,text_19.started,text_20.started,text_21.started,key_resp_7.started,Instructions11.stopped,key_resp_7.keys,key_resp_7.rt,key_resp_7.duration,Task11.started,text_22.started,text_23.started,text_24.started,key_resp_8.started,Task11.stopped,key_resp_8.keys,key_resp_8.corr,key_resp_8.rt,key_resp_8.duration,Judge11.started,participant,session,date,expName,psychopyVersion,frameRate,expStart,
,,,,,,,,0.03196590000015931,0.04596379999998135,0.04596379999998135,4.7413909000001695,space,4.683700100000124,None,,,,,,,,,,,,,,,,,,,,,,,,,,,,,,,,,,,,,,,,,,,,329614,001,2024-03-07_22h56.27.948,IAT,2023.2.3,59.98854218846411,2024-03-07 22h56.33.878048 +0800,
,,,,,,,,,,,,,,,4.741405900000018,4.757778300000155,4.757778300000155,5.143421500000159,space,0.3798300000000836,None,,,,,,,,,,,,,,,,,,,,,,,,,,,,,,,,,,,,,329614,001,2024-03-07_22h56.27.948,IAT,2023.2.3,59.98854218846411,2024-03-07 22h56.33.878048 +0800,
,,,,,,,,,,,,,,,,,,,,,,5.1434361000001445,5.163285600000108,7.162636900000052,7.174313500000153,9.162195900000143,9.16220229999999,9.191942000000154,9.191942000000154,11.15739050000002,11.15739050000002,11.207291000000168,11.207291000000168,12.1580577000002,space,0.9961163999998917,None,,,,,,,,,,,,,,,,,,,,,329614,001,2024-03-07_22h56.27.948,IAT,2023.2.3,59.98854218846411,2024-03-07 22h56.33.878048 +0800,
,,,,,,,,,,,,,,,,,,,,,,,,,,,,,,,,,,,,,,12.158075800000006,12.174167900000157,12.174167900000157,12.174167900000157,12.174167900000157,12.824607900000046,space,0.6353371000000152,None,,,,,,,,,,,,329614,001,2024-03-07_22h56.27.948,IAT,2023.2.3,59.98854218846411,2024-03-07 22h56.33.878048 +0800,
,,,,,,12.840830100000176,,,,,,,,,,,,,,,,,,,,,,,,,,,,,,,,,,,,,,,,,12.833976600000142,12.840830100000176,12.840830100000176,12.840830100000176,12.840830100000176,14.241281000000072,e,1,1.3926708000001327,None,14.241575900000043,,,,,,,,
