﻿word,answer,color,trials_2.thisRepN,trials_2.thisTrialN,trials_2.thisN,trials_2.thisIndex,trials_4.thisRepN,trials_4.thisTrialN,trials_4.thisN,trials_4.thisIndex,trials_5.thisRepN,trials_5.thisTrialN,trials_5.thisN,trials_5.thisIndex,trials_6.thisRepN,trials_6.thisTrialN,trials_6.thisN,trials_6.thisIndex,thisRow.t,notes,TextDisplay1.started,text_1.started,key1.started,TextDisplay1.stopped,key1.keys,key1.rt,key1.duration,StartResting.started,text_2.started,key2.started,StartResting.stopped,key2.keys,key2.rt,key2.duration,Eyes.started,text_3.started,text_4.started,text_3.stopped,text_4.stopped,Eyes.stopped,Transition1.started,image_1.started,text_5.started,image_1.stopped,text_5.stopped,text_9.started,key_resp_2.started,Transition1.stopped,key_resp_2.keys,key_resp_2.rt,key_resp_2.duration,Instructions11.started,text_19.started,text_20.started,text_21.started,key_resp_7.started,Instructions11.stopped,key_resp_7.keys,key_resp_7.rt,key_resp_7.duration,Task11.started,text_22.started,text_23.started,text_24.started,key_resp_8.started,Task11.stopped,key_resp_8.keys,key_resp_8.corr,key_resp_8.rt,key_resp_8.duration,Judge11.started,text_97.started,text_60.started,text_95.started,text_100.started,Judge11.stopped,text_97.stopped,text_60.stopped,text_95.stopped,text_100.stopped,Instruction12.started,text_25.started,text_26.started,text_27.started,key_resp_9.started,Instruction12.stopped,key_resp_9.keys,key_resp_9.rt,key_resp_9.duration,Task12.started,text_61.started,text_62.started,text_63.started,key_resp_16.started,Task12.stopped,key_resp_16.keys,key_resp_16.corr,key_resp_16.rt,key_resp_16.duration,Judge12.started,text_101.started,text_102.started,text_103.started,text_104.started,text_101.stopped,text_102.stopped,text_103.stopped,text_104.stopped,Judge12.stopped,Instruction13.started,text_29.started,text_30.started,text_31.started,text_32.started,text_33.started,text_34.started,text_35.started,key_resp_10.started,Instruction13.stopped,key_resp_10.keys,key_resp_10.rt,key_resp_10.duration,Task13.started,text_64.started,text_65.started,text_66.started,text_67.started,text_68.started,text_69.started,text_70.started,key_resp_17.started,Task13.stopped,key_resp_17.keys,key_resp_17.corr,key_resp_17.rt,key_resp_17.duration,Judge13.started,text_105.started,text_106.started,text_107.started,text_108.started,text_109.started,text_110.started,text_111.started,text_112.started,Judge13.stopped,text_105.stopped,text_106.stopped,text_107.stopped,text_108.stopped,text_109.stopped,text_110.stopped,text_111.stopped,text_112.stopped,Instruction14.started,text_36.started,text_37.started,text_38.started,text_39.started,text_40.started,text_41.started,text_42.started,key_resp_11.started,Instruction14.stopped,key_resp_11.keys,key_resp_11.rt,key_resp_11.duration,Task14.started,text_71.started,text_72.started,text_73.started,text_74.started,text_75.started,text_76.started,text_77.started,key_resp_21.started,Task14.stopped,key_resp_21.keys,key_resp_21.corr,key_resp_21.rt,key_resp_21.duration,Judge14.started,text_113.started,text_114.started,text_115.started,text_116.started,text_117.started,text_118.started,text_119.started,text_120.started,text_113.stopped,text_114.stopped,text_115.stopped,text_116.stopped,text_117.stopped,text_118.stopped,text_119.stopped,text_120.stopped,Judge14.stopped,participant,session,date,expName,psychopyVersion,frameRate,expStart,
,,,,,,,,,,,,,,,,,,,,,0.06239629990886897,0.07159359997604042,0.07159359997604042,1.1977632999187335,space,1.1191215999424458,None,,,,,,,,,,,,,,,,,,,,,,,,,,,,,,,,,,,,,,,,,,,,,,,,,,,,,,,,,,,,,,,,,,,,,,,,,,,,,,,,,,,,,,,,,,,,,,,,,,,,,,,,,,,,,,,,,,,,,,,,,,,,,,,,,,,,,,,,,,,,,,,,,,,,,,,,,,,,,,,,,,,,,,,,,,,,,578261,001,2024-03-07_11h29.26.700,IAT,2023.2.3,59.90215581285546,2024-03-07 11h29.32.702286 +0800,
,,,,,,,,,,,,,,,,,,,,,,,,,,,,1.1977886999957263,1.213475800002925,1.213475800002925,1.8637538999319077,space,0.6411147000035271,None,,,,,,,,,,,,,,,,,,,,,,,,,,,,,,,,,,,,,,,,,,,,,,,,,,,,,,,,,,,,,,,,,,,,,,,,,,,,,,,,,,,,,,,,,,,,,,,,,,,,,,,,,,,,,,,,,,,,,,,,,,,,,,,,,,,,,,,,,,,,,,,,,,,,,,,,,,,,,,,,,,,,,,578261,001,2024-03-07_11h29.26.700,IAT,2023.2.3,59.90215581285546,2024-03-07 11h29.32.702286 +0800,
,,,,,,,,,,,,,,,,,,,,,,,,,,,,,,,,,,,1.863771199947223,1.879954900010489,3.8633079999126494,3.881321599939838,5.865456499974243,5.848432699916884,5.8484400999732316,5.865456499974243,5.865456499974243,7.863317799987271,7.863317799987271,7.863317799987271,7.863317799987271,10.53274870000314,space,2.6632691000122577,None,,,,,,,,,,,,,,,,,,,,,,,,,,,,,,,,,,,,,,,,,,,,,,,,,,,,,,,,,,,,,,,,,,,,,,,,,,,,,,,,,,,,,,,,,,,,,,,,,,,,,,,,,,,,,,,,,,,,,,,,,,,,,,,,,,,,,,,,,,,,,,,,,,,,,578261,001,2024-03-07_11h29.26.700,IAT,2023.2.3,59.90215581285546,2024-03-07 11h29.32.702286 +0800,
,,,,,,,,,,,,,,,,,,,,,,,,,,,,,,,,,,,,,,,,,,,,,,,,,,,,10.532775799976662,10.549219799926504,10.549219799926504,10.549219799926504,10.549219799926504,10.985032600001432,space,0.42537489999085665,None,,,,,,,,,,,,,,,,,,,,,,,,,,,,,,,,,,,,,,,,,,,,,,,,,,,,,,,,,,,,,,,,,,,,,,,,,,,,,,,,,,,,,,,,,,,,,,,,,,,,,,,,,,,,,,,,,,,,,,,,,,,,,,,,,,,,,,,,,,,,578261,001,2024-03-07_11h29.26.700,IAT,2023.2.3,59.90215581285546,2024-03-07 11h29.32.702286 +0800,
自我,i,,0,0,0,3,,,,,,,,,,,,,11.000773399951868,,,,,,,,,,,,,,,,,,,,,,,,,,,,,,,,,,,,,,,,,,10.995424099965021,11.000773399951868,11.000773399951868,11.000773399951868,11.000773399951868,14.06898719992023,i,1,3.061401999904774,None,14.069317699992098,14.083728099940345,14.083728099940345,14.083728099940345,14.083728099940345,14.579448299948126,,,,,,,,,,,,,,,,,,,,,,,,,,,,,,,,,,,,,,,,,,,,,,,,,,,,,,,,,,,,,,,,,,,,,,,,,,,,,,,,,,,,,,,,,,,,,,,,,,,,,,,,,,,,,,,,,,,,,,,,,,,,578261,001,2024-03-07_11h29.26.700,IAT,2023.2.3,59.90215581285546,2024-03-07 11h29.32.702286 +0800,
他们,e,,0,1,1,5,,,,,,,,,,,,,14.585005900007673,,,,,,,,,,,,,,,,,,,,,,,,,,,,,,,,,,,,,,,,,,14.579644699930213,14.585005900007673,14.585005900007673,14.585005900007673,14.585005900007673,15.379190300009213,e,1,0.7739576000021771,None,15.379384799976833,15.385024899966083,15.385024899966083,15.385024899966083,15.385024899966083,15.872525800019503,15.883649499970488,15.883649499970488,15.883649499970488,15.883649499970488,,,,,,,,,,,,,,,,,,,,,,,,,,,,,,,,,,,,,,,,,,,,,,,,,,,,,,,,,,,,,,,,,,,,,,,,,,,,,,,,,,,,,,,,,,,,,,,,,,,,,,,,,,,,,,,,,,,,,,,,578261,001,2024-03-07_11h29.26.700,IAT,2023.2.3,59.90215581285546,2024-03-07 11h29.32.702286 +0800,
自己,i,,0,2,2,1,,,,,,,,,,,,,15.883649499970488,,,,,,,,,,,,,,,,,,,,,,,,,,,,,,,,,,,,,,,,,,15.872696699923836,15.883649499970488,15.883649499970488,15.883649499970488,15.883649499970488,17.733827400021255,i,1,1.8425395999802276,None,17.73403639998287,17.751112499972805,17.751112499972805,17.751112499972805,17.751112499972805,18.252296799910255,,,,,,,,,,,,,,,,,,,,,,,,,,,,,,,,,,,,,,,,,,,,,,,,,,,,,,,,,,,,,,,,,,,,,,,,,,,,,,,,,,,,,,,,,,,,,,,,,,,,,,,,,,,,,,,,,,,,,,,,,,,,578261,001,2024-03-07_11h29.26.700,IAT,2023.2.3,59.90215581285546,2024-03-07 11h29.32.702286 +0800,
你,e,,0,3,3,9,,,,,,,,,,,,,18.266820999910124,,,,,,,,,,,,,,,,,,,,,,,,,,,,,,,,,,,,,,,,,,18.252488099969923,18.266820999910124,18.266820999910124,18.266820999910124,18.266820999910124,18.75144459994044,i,0,0.46800750005058944,None,18.751636800006963,18.77109259995632,18.77109259995632,18.77109259995632,18.77109259995632,19.270876699942164,,,,,,,,,,,,,,,,,,,,,,,,,,,,,,,,,,,,,,,,,,,,,,,,,,,,,,,,,,,,,,,,,,,,,,,,,,,,,,,,,,,,,,,,,,,,,,,,,,,,,,,,,,,,,,,,,,,,,,,,,,,,578261,001,2024-03-07_11h29.26.700,IAT,2023.2.3,59.90215581285546,2024-03-07 11h29.32.702286 +0800,
本人,i,,0,4,4,4,,,,,,,,,,,,,19.283311199978925,,,,,,,,,,,,,,,,,,,,,,,,,,,,,,,,,,,,,,,,,,19.271055300021544,19.283311199978925,19.283311199978925,19.283311199978925,19.283311199978925,20.119351099943742,i,1,0.8272583000361919,None,20.119569699978456,20.12992249999661,20.12992249999661,20.12992249999661,20.12992249999661,20.616936299949884,20.633557199966162,20.633557199966162,20.633557199966162,20.633557199966162,,,,,,,,,,,,,,,,,,,,,,,,,,,,,,,,,,,,,,,,,,,,,,,,,,,,,,,,,,,,,,,,,,,,,,,,,,,,,,,,,,,,,,,,,,,,,,,,,,,,,,,,,,,,,,,,,,,,,,,,578261,001,2024-03-07_11h29.26.700,IAT,2023.2.3,59.90215581285546,2024-03-07 11h29.32.702286 +0800,
其他人,e,,0,5,5,8,,,,,,,,,,,,,20.633557199966162,,,,,,,,,,,,,,,,,,,,,,,,,,,,,,,,,,,,,,,,,,20.617099099908955,20.633557199966162,20.633557199966162,20.633557199966162,20.633557199966162,21.31770279991906,e,1,0.6686746999621391,None,21.31791889993474,21.333333499962464,21.333333499962464,21.333333499962464,21.333333499962464,21.816880199941806,21.833361899945885,21.833361899945885,21.833361899945885,21.833361899945885,,,,,,,,,,,,,,,,,,,,,,,,,,,,,,,,,,,,,,,,,,,,,,,,,,,,,,,,,,,,,,,,,,,,,,,,,,,,,,,,,,,,,,,,,,,,,,,,,,,,,,,,,,,,,,,,,,,,,,,,578261,001,2024-03-07_11h29.26.700,IAT,2023.2.3,59.90215581285546,2024-03-07 11h29.32.702286 +0800,
我的,i,,0,6,6,2,,,,,,,,,,,,,21.833361899945885,,,,,,,,,,,,,,,,,,,,,,,,,,,,,,,,,,,,,,,,,,21.81704210001044,21.833361899945885,21.833361899945885,21.833361899945885,21.833361899945885,22.38408210000489,i,1,0.541612199973315,None,22.384292699978687,22.399994099978358,22.399994099978358,22.399994099978358,22.399994099978358,22.88362989993766,22.900072399992496,22.900072399992496,22.900072399992496,22.900072399992496,,,,,,,,,,,,,,,,,,,,,,,,,,,,,,,,,,,,,,,,,,,,,,,,,,,,,,,,,,,,,,,,,,,,,,,,,,,,,,,,,,,,,,,,,,,,,,,,,,,,,,,,,,,,,,,,,,,,,,,,578261,001,2024-03-07_11h29.26.700,IAT,2023.2.3,59.90215581285546,2024-03-07 11h29.32.702286 +0800,
他们的,e,,0,7,7,6,,,,,,,,,,,,,22.900072399992496,,,,,,,,,,,,,,,,,,,,,,,,,,,,,,,,,,,,,,,,,,22.883812099928036,22.900072399992496,22.900072399992496,22.900072399992496,22.900072399992496,23.433792699943297,e,1,0.5225798999890685,None,23.434011799981818,23.45033549994696,23.45033549994696,23.45033549994696,23.45033549994696,23.933601500000805,23.95003639999777,23.95003639999777,23.95003639999777,23.95003639999777,,,,,,,,,,,,,,,,,,,,,,,,,,,,,,,,,,,,,,,,,,,,,,,,,,,,,,,,,,,,,,,,,,,,,,,,,,,,,,,,,,,,,,,,,,,,,,,,,,,,,,,,,,,,,,,,,,,,,,,,578261,001,2024-03-07_11h29.26.700,IAT,2023.2.3,59.90215581285546,2024-03-07 11h29.32.702286 +0800,
我,i,,0,8,8,0,,,,,,,,,,,,,23.95003639999777,,,,,,,,,,,,,,,,,,,,,,,,,,,,,,,,,,,,,,,,,,23.9337728000246,23.95003639999777,23.95003639999777,23.95003639999777,23.95003639999777,24.417039999971166,i,1,0.4562686999561265,None,24.41725870000664,24.43327409995254,24.43327409995254,24.43327409995254,24.43327409995254,24.917438699980266,24.93330089992378,24.93330089992378,24.93330089992378,24.93330089992378,,,,,,,,,,,,,,,,,,,,,,,,,,,,,,,,,,,,,,,,,,,,,,,,,,,,,,,,,,,,,,,,,,,,,,,,,,,,,,,,,,,,,,,,,,,,,,,,,,,,,,,,,,,,,,,,,,,,,,,,578261,001,2024-03-07_11h29.26.700,IAT,2023.2.3,59.90215581285546,2024-03-07 11h29.32.702286 +0800,
你的,e,,0,9,9,7,,,,,,,,,,,,,24.93330089992378,,,,,,,,,,,,,,,,,,,,,,,,,,,,,,,,,,,,,,,,,,24.917625900008716,24.93330089992378,24.93330089992378,24.93330089992378,24.93330089992378,25.217064399970695,i,0,0.28140320000238717,None,25.217283300007693,25.23327149997931,25.23327149997931,25.23327149997931,25.23327149997931,25.718024599947967,,,,,,,,,,,,,,,,,,,,,,,,,,,,,,,,,,,,,,,,,,,,,,,,,,,,,,,,,,,,,,,,,,,,,,,,,,,,,,,,,,,,,,,,,,,,,,,,,,,,,,,,,,,,,,,,,,,,,,,,,,,,578261,001,2024-03-07_11h29.26.700,IAT,2023.2.3,59.90215581285546,2024-03-07 11h29.32.702286 +0800,
,,,,,,,,,,,,,,,,,,,,,,,,,,,,,,,,,,,,,,,,,,,,,,,,,,,,,,,,,,,,,,,,,,,,,,,,,,,,,,,,,25.718064900022,25.733360399957746,25.733360399957746,25.733360399957746,25.733360399957746,26.904630000004545,space,1.169023699942045,None,,,,,,,,,,,,,,,,,,,,,,,,,,,,,,,,,,,,,,,,,,,,,,,,,,,,,,,,,,,,,,,,,,,,,,,,,,,,,,,,,,,,,,,,,,,,,,,,,,,,,,,,,,,,,,,578261,001,2024-03-07_11h29.26.700,IAT,2023.2.3,59.90215581285546,2024-03-07 11h29.32.702286 +0800,
焦急,e,,,,,,0,0,0,2,,,,,,,,,26.92500339995604,,,,,,,,,,,,,,,,,,,,,,,,,,,,,,,,,,,,,,,,,,,,,,,,,,,,,,,,,,,,,,,,,,,,,,,26.914537700009532,26.92500339995604,26.92500339995604,26.92500339995604,26.92500339995604,27.71996129991021,e,1,0.7935216000769287,None,27.72027359995991,27.73339720000513,27.73339720000513,27.73339720000513,27.73339720000513,28.2333004999673,28.2333004999673,28.2333004999673,28.2333004999673,28.2168674999848,,,,,,,,,,,,,,,,,,,,,,,,,,,,,,,,,,,,,,,,,,,,,,,,,,,,,,,,,,,,,,,,,,,,,,,,,,,,,,,,,,,,,,,,,,,578261,001,2024-03-07_11h29.26.700,IAT,2023.2.3,59.90215581285546,2024-03-07 11h29.32.702286 +0800,
舒畅,i,,,,,,0,1,1,7,,,,,,,,,28.2333004999673,,,,,,,,,,,,,,,,,,,,,,,,,,,,,,,,,,,,,,,,,,,,,,,,,,,,,,,,,,,,,,,,,,,,,,,28.217054300010204,28.2333004999673,28.2333004999673,28.2333004999673,28.2333004999673,28.6884525999194,i,1,0.4458355000242591,None,28.68867489998229,28.700005099992268,28.700005099992268,28.700005099992268,28.700005099992268,29.20008360000793,29.20008360000793,29.20008360000793,29.20008360000793,29.184993000002578,,,,,,,,,,,,,,,,,,,,,,,,,,,,,,,,,,,,,,,,,,,,,,,,,,,,,,,,,,,,,,,,,,,,,,,,,,,,,,,,,,,,,,,,,,,578261,001,2024-03-07_11h29.26.700,IAT,2023.2.3,59.90215581285546,2024-03-07 11h29.32.702286 +0800,
安静,i,,,,,,0,2,2,8,,,,,,,,,29.20008360000793,,,,,,,,,,,,,,,,,,,,,,,,,,,,,,,,,,,,,,,,,,,,,,,,,,,,,,,,,,,,,,,,,,,,,,,29.185177200008184,29.20008360000793,29.20008360000793,29.20008360000793,29.20008360000793,30.05495639995206,i,1,0.8389160999795422,None,30.055187799967825,30.066565999994054,30.066565999994054,30.066565999994054,30.066565999994054,30.566668099956587,30.566668099956587,30.566668099956587,30.566668099956587,30.550181899918243,,,,,,,,,,,,,,,,,,,,,,,,,,,,,,,,,,,,,,,,,,,,,,,,,,,,,,,,,,,,,,,,,,,,,,,,,,,,,,,,,,,,,,,,,,,578261,001,2024-03-07_11h29.26.700,IAT,2023.2.3,59.90215581285546,2024-03-07 11h29.32.702286 +0800,
害怕,e,,,,,,0,3,3,3,,,,,,,,,30.566668099956587,,,,,,,,,,,,,,,,,,,,,,,,,,,,,,,,,,,,,,,,,,,,,,,,,,,,,,,,,,,,,,,,,,,,,,,30.550367999938317,30.566668099956587,30.566668099956587,30.566668099956587,30.566668099956587,31.367298199911602,e,1,0.7923269000602886,None,31.367509600007907,31.386849300004542,31.386849300004542,31.386849300004542,31.386849300004542,,,,,31.86820279993117,,,,,,,,,,,,,,,,,,,,,,,,,,,,,,,,,,,,,,,,,,,,,,,,,,,,,,,,,,,,,,,,,,,,,,,,,,,,,,,,,,,,,,,,,,,578261,001,2024-03-07_11h29.26.700,IAT,2023.2.3,59.90215581285546,2024-03-07 11h29.32.702286 +0800,
紧张,e,,,,,,0,4,4,0,,,,,,,,,31.883350700023584,,,,,,,,,,,,,,,,,,,,,,,,,,,,,,,,,,,,,,,,,,,,,,,,,,,,,,,,,,,,,,,,,,,,,,,31.868386399932206,31.883350700023584,31.883350700023584,31.883350700023584,31.883350700023584,32.655752199934795,e,1,0.7550163998967037,None,32.65599190001376,32.668467800016515,32.668467800016515,32.668467800016515,32.668467800016515,,,,,33.1667001999449,,,,,,,,,,,,,,,,,,,,,,,,,,,,,,,,,,,,,,,,,,,,,,,,,,,,,,,,,,,,,,,,,,,,,,,,,,,,,,,,,,,,,,,,,,,578261,001,2024-03-07_11h29.26.700,IAT,2023.2.3,59.90215581285546,2024-03-07 11h29.32.702286 +0800,
平衡,i,,,,,,0,5,5,6,,,,,,,,,33.183914299937896,,,,,,,,,,,,,,,,,,,,,,,,,,,,,,,,,,,,,,,,,,,,,,,,,,,,,,,,,,,,,,,,,,,,,,,33.1668922000099,33.183914299937896,33.183914299937896,33.183914299937896,33.183914299937896,33.78857909992803,e,0,0.5910782000282779,None,33.788804100011475,33.79999789991416,33.79999789991416,33.79999789991416,33.79999789991416,34.300051799975336,34.300051799975336,34.300051799975336,34.300051799975336,34.283498500008136,,,,,,,,,,,,,,,,,,,,,,,,,,,,,,,,,,,,,,,,,,,,,,,,,,,,,,,,,,,,,,,,,,,,,,,,,,,,,,,,,,,,,,,,,,,578261,001,2024-03-07_11h29.26.700,IAT,2023.2.3,59.90215581285546,2024-03-07 11h29.32.702286 +0800,
恐惧,e,,,,,,0,6,6,1,,,,,,,,,34.300051799975336,,,,,,,,,,,,,,,,,,,,,,,,,,,,,,,,,,,,,,,,,,,,,,,,,,,,,,,,,,,,,,,,,,,,,,,34.28365989995655,34.300051799975336,34.300051799975336,34.300051799975336,34.300051799975336,35.48366039991379,e,1,1.1703480000142008,None,35.483879299950786,35.505369500024244,35.505369500024244,35.505369500024244,35.505369500024244,,,,,35.98827430000529,,,,,,,,,,,,,,,,,,,,,,,,,,,,,,,,,,,,,,,,,,,,,,,,,,,,,,,,,,,,,,,,,,,,,,,,,,,,,,,,,,,,,,,,,,,578261,001,2024-03-07_11h29.26.700,IAT,2023.2.3,59.90215581285546,2024-03-07 11h29.32.702286 +0800,
放松,i,,,,,,0,7,7,5,,,,,,,,,35.99997100001201,,,,,,,,,,,,,,,,,,,,,,,,,,,,,,,,,,,,,,,,,,,,,,,,,,,,,,,,,,,,,,,,,,,,,,,35.988467299961485,35.99997100001201,35.99997100001201,35.99997100001201,35.99997100001201,36.5171682999935,i,1,0.5110250000143424,None,36.51735849992838,36.533345700008795,36.533345700008795,36.533345700008795,36.533345700008795,37.033314700005576,37.033314700005576,37.033314700005576,37.033314700005576,37.01685459993314,,,,,,,,,,,,,,,,,,,,,,,,,,,,,,,,,,,,,,,,,,,,,,,,,,,,,,,,,,,,,,,,,,,,,,,,,,,,,,,,,,,,,,,,,,,578261,001,2024-03-07_11h29.26.700,IAT,2023.2.3,59.90215581285546,2024-03-07 11h29.32.702286 +0800,
迷茫,e,,,,,,0,8,8,4,,,,,,,,,37.033314700005576,,,,,,,,,,,,,,,,,,,,,,,,,,,,,,,,,,,,,,,,,,,,,,,,,,,,,,,,,,,,,,,,,,,,,,,37.01701640000101,37.033314700005576,37.033314700005576,37.033314700005576,37.033314700005576,37.733662999933586,e,1,0.6935008999425918,None,37.733888300019316,37.74993769999128,37.74993769999128,37.74993769999128,37.74993769999128,38.249958899919875,38.249958899919875,38.249958899919875,38.249958899919875,38.233494099928066,,,,,,,,,,,,,,,,,,,,,,,,,,,,,,,,,,,,,,,,,,,,,,,,,,,,,,,,,,,,,,,,,,,,,,,,,,,,,,,,,,,,,,,,,,,578261,001,2024-03-07_11h29.26.700,IAT,2023.2.3,59.90215581285546,2024-03-07 11h29.32.702286 +0800,
安宁,i,,,,,,0,9,9,9,,,,,,,,,38.249958899919875,,,,,,,,,,,,,,,,,,,,,,,,,,,,,,,,,,,,,,,,,,,,,,,,,,,,,,,,,,,,,,,,,,,,,,,38.23367759992834,38.249958899919875,38.249958899919875,38.249958899919875,38.249958899919875,38.704294799943455,i,1,0.4525981000624597,None,38.70452579995617,38.720561699941754,38.720561699941754,38.720561699941754,38.720561699941754,,,,,39.20488119998481,,,,,,,,,,,,,,,,,,,,,,,,,,,,,,,,,,,,,,,,,,,,,,,,,,,,,,,,,,,,,,,,,,,,,,,,,,,,,,,,,,,,,,,,,,,578261,001,2024-03-07_11h29.26.700,IAT,2023.2.3,59.90215581285546,2024-03-07 11h29.32.702286 +0800,
,,,,,,,,,,,,,,,,,,,,,,,,,,,,,,,,,,,,,,,,,,,,,,,,,,,,,,,,,,,,,,,,,,,,,,,,,,,,,,,,,,,,,,,,,,,,,,,,,,,,,,,,,,,,,,39.204918499919586,39.216706899926066,39.216706899926066,39.216706899926066,39.216706899926066,39.216706899926066,39.216706899926066,39.216706899926066,39.216706899926066,40.367191699915566,space,1.1337406999664381,None,,,,,,,,,,,,,,,,,,,,,,,,,,,,,,,,,,,,,,,,,,,,,,,,,,,,,,,,,,,,,,,,,,,,,,,,,,,,,,578261,001,2024-03-07_11h29.26.700,IAT,2023.2.3,59.90215581285546,2024-03-07 11h29.32.702286 +0800,
恐惧,e,green,,,,,,,,,0,0,0,11,,,,,40.381490999949165,,,,,,,,,,,,,,,,,,,,,,,,,,,,,,,,,,,,,,,,,,,,,,,,,,,,,,,,,,,,,,,,,,,,,,,,,,,,,,,,,,,,,,,,,,,,,,,,,,,,,,,,40.376675299950875,40.381490999949165,40.381490999949165,40.381490999949165,40.381490999949165,40.381490999949165,40.381490999949165,40.381490999949165,40.381490999949165,42.067454000003636,e,1,1.6809075999772176,None,42.06789619999472,42.08466529997531,42.08466529997531,42.08466529997531,42.08466529997531,42.08466529997531,42.08466529997531,42.08466529997531,42.08466529997531,42.58335410000291,,,,,,,,,,,,,,,,,,,,,,,,,,,,,,,,,,,,,,,,,,,,,,,,,,,,,,578261,001,2024-03-07_11h29.26.700,IAT,2023.2.3,59.90215581285546,2024-03-07 11h29.32.702286 +0800,
迷茫,e,green,,,,,,,,,0,1,1,14,,,,,42.603401199914515,,,,,,,,,,,,,,,,,,,,,,,,,,,,,,,,,,,,,,,,,,,,,,,,,,,,,,,,,,,,,,,,,,,,,,,,,,,,,,,,,,,,,,,,,,,,,,,,,,,,,,,,42.58351539995056,42.603401199914515,42.603401199914515,42.603401199914515,42.603401199914515,42.603401199914515,42.603401199914515,42.603401199914515,42.603401199914515,43.203647700021975,e,1,0.595348299946636,None,43.2038938999176,43.21668489999138,43.21668489999138,43.21668489999138,43.21668489999138,43.21668489999138,43.21668489999138,43.21668489999138,43.21668489999138,43.703240699949674,43.71666529995855,43.71666529995855,43.71666529995855,43.71666529995855,43.71666529995855,43.71666529995855,43.71666529995855,43.71666529995855,,,,,,,,,,,,,,,,,,,,,,,,,,,,,,,,,,,,,,,,,,,,,,578261,001,2024-03-07_11h29.26.700,IAT,2023.2.3,59.90215581285546,2024-03-07 11h29.32.702286 +0800,
自我,i,blue,,,,,,,,,0,2,2,3,,,,,43.71666529995855,,,,,,,,,,,,,,,,,,,,,,,,,,,,,,,,,,,,,,,,,,,,,,,,,,,,,,,,,,,,,,,,,,,,,,,,,,,,,,,,,,,,,,,,,,,,,,,,,,,,,,,,43.703460299992,43.71666529995855,43.71666529995855,43.71666529995855,43.71666529995855,43.71666529995855,43.71666529995855,43.71666529995855,43.71666529995855,44.2336802999489,i,1,0.5062674999935552,None,44.233876399928704,44.24996289995033,44.24996289995033,44.24996289995033,44.24996289995033,44.24996289995033,44.24996289995033,44.24996289995033,44.24996289995033,44.73795560002327,,,,,,,,,,,,,,,,,,,,,,,,,,,,,,,,,,,,,,,,,,,,,,,,,,,,,,578261,001,2024-03-07_11h29.26.700,IAT,2023.2.3,59.90215581285546,2024-03-07 11h29.32.702286 +0800,
你,e,blue,,,,,,,,,0,3,3,9,,,,,44.754439499927685,,,,,,,,,,,,,,,,,,,,,,,,,,,,,,,,,,,,,,,,,,,,,,,,,,,,,,,,,,,,,,,,,,,,,,,,,,,,,,,,,,,,,,,,,,,,,,,,,,,,,,,,44.73814879998099,44.754439499927685,44.754439499927685,44.754439499927685,44.754439499927685,44.754439499927685,44.754439499927685,44.754439499927685,44.754439499927685,45.50272089999635,e,1,0.7402130999835208,None,45.502999800024554,45.526991199934855,45.526991199934855,45.526991199934855,45.526991199934855,45.526991199934855,45.526991199934855,45.526991199934855,45.526991199934855,46.003684199997224,,,,,,,,,,,,,,,,,,,,,,,,,,,,,,,,,,,,,,,,,,,,,,,,,,,,,,578261,001,2024-03-07_11h29.26.700,IAT,2023.2.3,59.90215581285546,2024-03-07 11h29.32.702286 +0800,
平衡,i,green,,,,,,,,,0,4,4,16,,,,,46.02190469997004,,,,,,,,,,,,,,,,,,,,,,,,,,,,,,,,,,,,,,,,,,,,,,,,,,,,,,,,,,,,,,,,,,,,,,,,,,,,,,,,,,,,,,,,,,,,,,,,,,,,,,,,46.00386269995943,46.02190469997004,46.02190469997004,46.02190469997004,46.02190469997004,46.02190469997004,46.02190469997004,46.02190469997004,46.02190469997004,46.76709079998545,i,1,0.7364248000085354,None,46.76732460001949,46.78342749993317,46.78342749993317,46.78342749993317,46.78342749993317,46.78342749993317,46.78342749993317,46.78342749993317,46.78342749993317,47.26691969996318,47.283349599922076,47.283349599922076,47.283349599922076,47.283349599922076,47.283349599922076,47.283349599922076,47.283349599922076,47.283349599922076,,,,,,,,,,,,,,,,,,,,,,,,,,,,,,,,,,,,,,,,,,,,,,578261,001,2024-03-07_11h29.26.700,IAT,2023.2.3,59.90215581285546,2024-03-07 11h29.32.702286 +0800,
安宁,i,green,,,,,,,,,0,5,5,19,,,,,47.283349599922076,,,,,,,,,,,,,,,,,,,,,,,,,,,,,,,,,,,,,,,,,,,,,,,,,,,,,,,,,,,,,,,,,,,,,,,,,,,,,,,,,,,,,,,,,,,,,,,,,,,,,,,,47.26711139990948,47.283349599922076,47.283349599922076,47.283349599922076,47.283349599922076,47.283349599922076,47.283349599922076,47.283349599922076,47.283349599922076,47.77445269993041,i,1,0.4836743000196293,None,47.774676800007,47.78936469997279,47.78936469997279,47.78936469997279,47.78936469997279,47.78936469997279,47.78936469997279,47.78936469997279,47.78936469997279,48.28332069993485,,,,,,,,,,,,,,,,,,,,,,,,,,,,,,,,,,,,,,,,,,,,,,,,,,,,,,578261,001,2024-03-07_11h29.26.700,IAT,2023.2.3,59.90215581285546,2024-03-07 11h29.32.702286 +0800,
我,i,blue,,,,,,,,,0,6,6,0,,,,,48.30115079996176,,,,,,,,,,,,,,,,,,,,,,,,,,,,,,,,,,,,,,,,,,,,,,,,,,,,,,,,,,,,,,,,,,,,,,,,,,,,,,,,,,,,,,,,,,,,,,,,,,,,,,,,48.283492199960165,48.30115079996176,48.30115079996176,48.30115079996176,48.30115079996176,48.30115079996176,48.30115079996176,48.30115079996176,48.30115079996176,48.883734999923036,i,1,0.5775020000291988,None,48.883953399956226,48.89994829997886,48.89994829997886,48.89994829997886,48.89994829997886,48.89994829997886,48.89994829997886,48.89994829997886,48.89994829997886,49.3835381999379,49.40318229992408,49.40318229992408,49.40318229992408,49.40318229992408,49.40318229992408,49.40318229992408,49.40318229992408,49.40318229992408,,,,,,,,,,,,,,,,,,,,,,,,,,,,,,,,,,,,,,,,,,,,,,578261,001,2024-03-07_11h29.26.700,IAT,2023.2.3,59.90215581285546,2024-03-07 11h29.32.702286 +0800,
舒畅,i,green,,,,,,,,,0,7,7,17,,,,,49.40318229992408,,,,,,,,,,,,,,,,,,,,,,,,,,,,,,,,,,,,,,,,,,,,,,,,,,,,,,,,,,,,,,,,,,,,,,,,,,,,,,,,,,,,,,,,,,,,,,,,,,,,,,,,49.38370040000882,49.40318229992408,49.40318229992408,49.40318229992408,49.40318229992408,49.40318229992408,49.40318229992408,49.40318229992408,49.40318229992408,49.95041199994739,e,0,0.531095499987714,None,49.95063530001789,49.96669979998842,49.96669979998842,49.96669979998842,49.96669979998842,49.96669979998842,49.96669979998842,49.96669979998842,49.96669979998842,50.450318199931644,50.46694089996163,50.46694089996163,50.46694089996163,50.46694089996163,50.46694089996163,50.46694089996163,50.46694089996163,50.46694089996163,,,,,,,,,,,,,,,,,,,,,,,,,,,,,,,,,,,,,,,,,,,,,,578261,001,2024-03-07_11h29.26.700,IAT,2023.2.3,59.90215581285546,2024-03-07 11h29.32.702286 +0800,
你的,e,blue,,,,,,,,,0,8,8,7,,,,,50.46694089996163,,,,,,,,,,,,,,,,,,,,,,,,,,,,,,,,,,,,,,,,,,,,,,,,,,,,,,,,,,,,,,,,,,,,,,,,,,,,,,,,,,,,,,,,,,,,,,,,,,,,,,,,50.4504979000194,50.46694089996163,50.46694089996163,50.46694089996163,50.46694089996163,50.46694089996163,50.46694089996163,50.46694089996163,50.46694089996163,51.13373459991999,e,1,0.6598497000522912,None,51.133963299915195,51.14997879997827,51.14997879997827,51.14997879997827,51.14997879997827,51.14997879997827,51.14997879997827,51.14997879997827,51.14997879997827,51.63359350000974,51.649944599950686,51.649944599950686,51.649944599950686,51.649944599950686,51.649944599950686,51.649944599950686,51.649944599950686,51.649944599950686,,,,,,,,,,,,,,,,,,,,,,,,,,,,,,,,,,,,,,,,,,,,,,578261,001,2024-03-07_11h29.26.700,IAT,2023.2.3,59.90215581285546,2024-03-07 11h29.32.702286 +0800,
本人,i,blue,,,,,,,,,0,9,9,4,,,,,51.649944599950686,,,,,,,,,,,,,,,,,,,,,,,,,,,,,,,,,,,,,,,,,,,,,,,,,,,,,,,,,,,,,,,,,,,,,,,,,,,,,,,,,,,,,,,,,,,,,,,,,,,,,,,,51.633756099967286,51.649944599950686,51.649944599950686,51.649944599950686,51.649944599950686,51.649944599950686,51.649944599950686,51.649944599950686,51.649944599950686,52.12051949999295,i,1,0.46846040000673383,None,52.12073309998959,52.13335789996199,52.13335789996199,52.13335789996199,52.13335789996199,52.13335789996199,52.13335789996199,52.13335789996199,52.13335789996199,52.61842670000624,52.63736479997169,52.63736479997169,52.63736479997169,52.63736479997169,52.63736479997169,52.63736479997169,52.63736479997169,52.63736479997169,,,,,,,,,,,,,,,,,,,,,,,,,,,,,,,,,,,,,,,,,,,,,,578261,001,2024-03-07_11h29.26.700,IAT,2023.2.3,59.90215581285546,2024-03-07 11h29.32.702286 +0800,
放松,i,green,,,,,,,,,0,10,10,15,,,,,52.63736479997169,,,,,,,,,,,,,,,,,,,,,,,,,,,,,,,,,,,,,,,,,,,,,,,,,,,,,,,,,,,,,,,,,,,,,,,,,,,,,,,,,,,,,,,,,,,,,,,,,,,,,,,,52.61860779998824,52.63736479997169,52.63736479997169,52.63736479997169,52.63736479997169,52.63736479997169,52.63736479997169,52.63736479997169,52.63736479997169,53.22012289997656,e,0,0.5777198999421671,None,53.22034719993826,53.23332379991189,53.23332379991189,53.23332379991189,53.23332379991189,53.23332379991189,53.23332379991189,53.23332379991189,53.23332379991189,53.719895699992776,53.7337097999407,53.7337097999407,53.7337097999407,53.7337097999407,53.7337097999407,53.7337097999407,53.7337097999407,53.7337097999407,,,,,,,,,,,,,,,,,,,,,,,,,,,,,,,,,,,,,,,,,,,,,,578261,001,2024-03-07_11h29.26.700,IAT,2023.2.3,59.90215581285546,2024-03-07 11h29.32.702286 +0800,
他们,e,blue,,,,,,,,,0,11,11,5,,,,,53.7337097999407,,,,,,,,,,,,,,,,,,,,,,,,,,,,,,,,,,,,,,,,,,,,,,,,,,,,,,,,,,,,,,,,,,,,,,,,,,,,,,,,,,,,,,,,,,,,,,,,,,,,,,,,53.7200743999565,53.7337097999407,53.7337097999407,53.7337097999407,53.7337097999407,53.7337097999407,53.7337097999407,53.7337097999407,53.7337097999407,54.268209300003946,e,1,0.5290012999903411,None,54.268437699996866,54.279927899944596,54.279927899944596,54.279927899944596,54.279927899944596,54.279927899944596,54.279927899944596,54.279927899944596,54.279927899944596,54.767075399984606,54.78328719991259,54.78328719991259,54.78328719991259,54.78328719991259,54.78328719991259,54.78328719991259,54.78328719991259,54.78328719991259,,,,,,,,,,,,,,,,,,,,,,,,,,,,,,,,,,,,,,,,,,,,,,578261,001,2024-03-07_11h29.26.700,IAT,2023.2.3,59.90215581285546,2024-03-07 11h29.32.702286 +0800,
其他人,e,blue,,,,,,,,,0,12,12,8,,,,,54.78328719991259,,,,,,,,,,,,,,,,,,,,,,,,,,,,,,,,,,,,,,,,,,,,,,,,,,,,,,,,,,,,,,,,,,,,,,,,,,,,,,,,,,,,,,,,,,,,,,,,,,,,,,,,54.76727589999791,54.78328719991259,54.78328719991259,54.78328719991259,54.78328719991259,54.78328719991259,54.78328719991259,54.78328719991259,54.78328719991259,55.350388799910434,e,1,0.5510114000644535,None,55.35060909995809,55.366640999913216,55.366640999913216,55.366640999913216,55.366640999913216,55.366640999913216,55.366640999913216,55.366640999913216,55.366640999913216,55.85026149998885,55.86856610001996,55.86856610001996,55.86856610001996,55.86856610001996,55.86856610001996,55.86856610001996,55.86856610001996,55.86856610001996,,,,,,,,,,,,,,,,,,,,,,,,,,,,,,,,,,,,,,,,,,,,,,578261,001,2024-03-07_11h29.26.700,IAT,2023.2.3,59.90215581285546,2024-03-07 11h29.32.702286 +0800,
紧张,e,green,,,,,,,,,0,13,13,10,,,,,55.86856610001996,,,,,,,,,,,,,,,,,,,,,,,,,,,,,,,,,,,,,,,,,,,,,,,,,,,,,,,,,,,,,,,,,,,,,,,,,,,,,,,,,,,,,,,,,,,,,,,,,,,,,,,,55.8504460999975,55.86856610001996,55.86856610001996,55.86856610001996,55.86856610001996,55.86856610001996,55.86856610001996,55.86856610001996,55.86856610001996,56.41931059991475,e,1,0.5384004999650642,None,56.419535399996676,56.438910999917425,56.438910999917425,56.438910999917425,56.438910999917425,56.438910999917425,56.438910999917425,56.438910999917425,56.438910999917425,56.936548899975605,,,,,,,,,,,,,,,,,,,,,,,,,,,,,,,,,,,,,,,,,,,,,,,,,,,,,,578261,001,2024-03-07_11h29.26.700,IAT,2023.2.3,59.90215581285546,2024-03-07 11h29.32.702286 +0800,
自己,i,blue,,,,,,,,,0,14,14,1,,,,,56.94999190000817,,,,,,,,,,,,,,,,,,,,,,,,,,,,,,,,,,,,,,,,,,,,,,,,,,,,,,,,,,,,,,,,,,,,,,,,,,,,,,,,,,,,,,,,,,,,,,,,,,,,,,,,56.93675849994179,56.94999190000817,56.94999190000817,56.94999190000817,56.94999190000817,56.94999190000817,56.94999190000817,56.94999190000817,56.94999190000817,57.35044880001806,i,1,0.3925210000015795,None,57.35068059992045,57.366685200016946,57.366685200016946,57.366685200016946,57.366685200016946,57.366685200016946,57.366685200016946,57.366685200016946,57.366685200016946,57.85022449993994,57.869642599951476,57.869642599951476,57.869642599951476,57.869642599951476,57.869642599951476,57.869642599951476,57.869642599951476,57.869642599951476,,,,,,,,,,,,,,,,,,,,,,,,,,,,,,,,,,,,,,,,,,,,,,578261,001,2024-03-07_11h29.26.700,IAT,2023.2.3,59.90215581285546,2024-03-07 11h29.32.702286 +0800,
他们的,e,blue,,,,,,,,,0,15,15,6,,,,,57.869642599951476,,,,,,,,,,,,,,,,,,,,,,,,,,,,,,,,,,,,,,,,,,,,,,,,,,,,,,,,,,,,,,,,,,,,,,,,,,,,,,,,,,,,,,,,,,,,,,,,,,,,,,,,57.850400700001046,57.869642599951476,57.869642599951476,57.869642599951476,57.869642599951476,57.869642599951476,57.869642599951476,57.869642599951476,57.869642599951476,58.20059769996442,i,0,0.32122260006144643,None,58.20081139996182,58.21876509999856,58.21876509999856,58.21876509999856,58.21876509999856,58.21876509999856,58.21876509999856,58.21876509999856,58.21876509999856,58.71676270000171,,,,,,,,,,,,,,,,,,,,,,,,,,,,,,,,,,,,,,,,,,,,,,,,,,,,,,578261,001,2024-03-07_11h29.26.700,IAT,2023.2.3,59.90215581285546,2024-03-07 11h29.32.702286 +0800,
害怕,e,green,,,,,,,,,0,16,16,13,,,,,58.737202399992384,,,,,,,,,,,,,,,,,,,,,,,,,,,,,,,,,,,,,,,,,,,,,,,,,,,,,,,,,,,,,,,,,,,,,,,,,,,,,,,,,,,,,,,,,,,,,,,,,,,,,,,,58.71697329997551,58.737202399992384,58.737202399992384,58.737202399992384,58.737202399992384,58.737202399992384,58.737202399992384,58.737202399992384,58.737202399992384,59.28393379994668,e,1,0.5418986999429762,None,59.28418479999527,59.30019739991985,59.30019739991985,59.30019739991985,59.30019739991985,59.30019739991985,59.30019739991985,59.30019739991985,59.30019739991985,59.783752999966964,59.804321600007825,59.804321600007825,59.804321600007825,59.804321600007825,59.804321600007825,59.804321600007825,59.804321600007825,59.804321600007825,,,,,,,,,,,,,,,,,,,,,,,,,,,,,,,,,,,,,,,,,,,,,,578261,001,2024-03-07_11h29.26.700,IAT,2023.2.3,59.90215581285546,2024-03-07 11h29.32.702286 +0800,
安静,i,green,,,,,,,,,0,17,17,18,,,,,59.804321600007825,,,,,,,,,,,,,,,,,,,,,,,,,,,,,,,,,,,,,,,,,,,,,,,,,,,,,,,,,,,,,,,,,,,,,,,,,,,,,,,,,,,,,,,,,,,,,,,,,,,,,,,,59.783942300011404,59.804321600007825,59.804321600007825,59.804321600007825,59.804321600007825,59.804321600007825,59.804321600007825,59.804321600007825,59.804321600007825,60.31827729998622,i,1,0.5058944000629708,None,60.31848399993032,60.33514229999855,60.33514229999855,60.33514229999855,60.33514229999855,60.33514229999855,60.33514229999855,60.33514229999855,60.33514229999855,60.83754320000298,,,,,,,,,,,,,,,,,,,,,,,,,,,,,,,,,,,,,,,,,,,,,,,,,,,,,,578261,001,2024-03-07_11h29.26.700,IAT,2023.2.3,59.90215581285546,2024-03-07 11h29.32.702286 +0800,
焦急,e,green,,,,,,,,,0,18,18,12,,,,,60.84995850000996,,,,,,,,,,,,,,,,,,,,,,,,,,,,,,,,,,,,,,,,,,,,,,,,,,,,,,,,,,,,,,,,,,,,,,,,,,,,,,,,,,,,,,,,,,,,,,,,,,,,,,,,60.83777149999514,60.84995850000996,60.84995850000996,60.84995850000996,60.84995850000996,60.84995850000996,60.84995850000996,60.84995850000996,60.84995850000996,61.450325099984184,e,1,0.58877809997648,None,61.45056049991399,61.469811699935235,61.469811699935235,61.469811699935235,61.469811699935235,61.469811699935235,61.469811699935235,61.469811699935235,61.469811699935235,61.966765200020745,,,,,,,,,,,,,,,,,,,,,,,,,,,,,,,,,,,,,,,,,,,,,,,,,,,,,,578261,001,2024-03-07_11h29.26.700,IAT,2023.2.3,59.90215581285546,2024-03-07 11h29.32.702286 +0800,
我的,i,blue,,,,,,,,,0,19,19,2,,,,,61.9833049000008,,,,,,,,,,,,,,,,,,,,,,,,,,,,,,,,,,,,,,,,,,,,,,,,,,,,,,,,,,,,,,,,,,,,,,,,,,,,,,,,,,,,,,,,,,,,,,,,,,,,,,,,61.9670009999536,61.9833049000008,61.9833049000008,61.9833049000008,61.9833049000008,61.9833049000008,61.9833049000008,61.9833049000008,61.9833049000008,62.38374089996796,i,1,0.3837207000469789,None,62.38394630001858,62.400669700000435,62.400669700000435,62.400669700000435,62.400669700000435,62.400669700000435,62.400669700000435,62.400669700000435,62.400669700000435,62.88360089994967,62.90006859996356,62.90006859996356,62.90006859996356,62.90006859996356,62.90006859996356,62.90006859996356,62.90006859996356,62.90006859996356,,,,,,,,,,,,,,,,,,,,,,,,,,,,,,,,,,,,,,,,,,,,,,578261,001,2024-03-07_11h29.26.700,IAT,2023.2.3,59.90215581285546,2024-03-07 11h29.32.702286 +0800,
,,,,,,,,,,,,,,,,,,,,,,,,,,,,,,,,,,,,,,,,,,,,,,,,,,,,,,,,,,,,,,,,,,,,,,,,,,,,,,,,,,,,,,,,,,,,,,,,,,,,,,,,,,,,,,,,,,,,,,,,,,,,,,,,,,,,,,,,,,,,,,,,,,,,,,,,,,,62.883638500003144,62.90006859996356,62.90006859996356,62.90006859996356,62.90006859996356,62.90006859996356,62.90006859996356,62.90006859996356,62.90006859996356,64.25051039992832,space,1.338915399974212,None,,,,,,,,,,,,,,,,,,,,,,,,,,,,,,,,,578261,001,2024-03-07_11h29.26.700,IAT,2023.2.3,59.90215581285546,2024-03-07 11h29.32.702286 +0800,
他们,e,blue,,,,,,,,,,,,,0,0,0,5,64.26748169993516,,,,,,,,,,,,,,,,,,,,,,,,,,,,,,,,,,,,,,,,,,,,,,,,,,,,,,,,,,,,,,,,,,,,,,,,,,,,,,,,,,,,,,,,,,,,,,,,,,,,,,,,,,,,,,,,,,,,,,,,,,,,,,,,,,,,,,,,,,,,,,,,,,,,,64.26010319998022,64.26748169993516,64.26748169993516,64.26748169993516,64.26748169993516,64.26748169993516,64.26748169993516,64.26748169993516,64.26748169993516,68.20142699999269,e,1,3.922710599959828,None,68.20176119997632,68.21659989992622,68.21659989992622,68.21659989992622,68.21659989992622,68.21659989992622,68.21659989992622,68.21659989992622,68.21659989992622,68.71657139994204,68.71657139994204,68.71657139994204,68.71657139994204,68.71657139994204,68.71657139994204,68.71657139994204,68.71657139994204,68.70021329994779,578261,001,2024-03-07_11h29.26.700,IAT,2023.2.3,59.90215581285546,2024-03-07 11h29.32.702286 +0800,
焦急,e,green,,,,,,,,,,,,,0,1,1,12,68.71657139994204,,,,,,,,,,,,,,,,,,,,,,,,,,,,,,,,,,,,,,,,,,,,,,,,,,,,,,,,,,,,,,,,,,,,,,,,,,,,,,,,,,,,,,,,,,,,,,,,,,,,,,,,,,,,,,,,,,,,,,,,,,,,,,,,,,,,,,,,,,,,,,,,,,,,,68.70039639994502,68.71657139994204,68.71657139994204,68.71657139994204,68.71657139994204,68.71657139994204,68.71657139994204,68.71657139994204,68.71657139994204,69.27202159992885,i,0,0.5463027000660077,None,69.27224099996965,69.28325159999076,69.28325159999076,69.28325159999076,69.28325159999076,69.28325159999076,69.28325159999076,69.28325159999076,69.28325159999076,69.78326269995887,69.78326269995887,69.78326269995887,69.78326269995887,69.78326269995887,69.78326269995887,69.78326269995887,69.78326269995887,69.76691969996318,578261,001,2024-03-07_11h29.26.700,IAT,2023.2.3,59.90215581285546,2024-03-07 11h29.32.702286 +0800,
自我,i,blue,,,,,,,,,,,,,0,2,2,3,69.78326269995887,,,,,,,,,,,,,,,,,,,,,,,,,,,,,,,,,,,,,,,,,,,,,,,,,,,,,,,,,,,,,,,,,,,,,,,,,,,,,,,,,,,,,,,,,,,,,,,,,,,,,,,,,,,,,,,,,,,,,,,,,,,,,,,,,,,,,,,,,,,,,,,,,,,,,69.76710249995813,69.78326269995887,69.78326269995887,69.78326269995887,69.78326269995887,69.78326269995887,69.78326269995887,69.78326269995887,69.78326269995887,78.37231429992244,i,1,8.583167999982834,None,78.37254969996866,78.38328579999506,78.38328579999506,78.38328579999506,78.38328579999506,78.38328579999506,78.38328579999506,78.38328579999506,78.38328579999506,78.88257080002222,78.88257080002222,78.88257080002222,78.88257080002222,78.88257080002222,78.88257080002222,78.88257080002222,78.88257080002222,78.86686519999057,578261,001,2024-03-07_11h29.26.700,IAT,2023.2.3,59.90215581285546,2024-03-07 11h29.32.702286 +0800,
自己,i,blue,,,,,,,,,,,,,0,3,3,1,78.88257080002222,,,,,,,,,,,,,,,,,,,,,,,,,,,,,,,,,,,,,,,,,,,,,,,,,,,,,,,,,,,,,,,,,,,,,,,,,,,,,,,,,,,,,,,,,,,,,,,,,,,,,,,,,,,,,,,,,,,,,,,,,,,,,,,,,,,,,,,,,,,,,,,,,,,,,78.86704679997638,78.88257080002222,78.88257080002222,78.88257080002222,78.88257080002222,78.88257080002222,78.88257080002222,78.88257080002222,78.88257080002222,80.63381469994783,i,1,1.740151199977845,None,80.63402340002358,80.65138199995272,80.65138199995272,80.65138199995272,80.65138199995272,80.65138199995272,80.65138199995272,80.65138199995272,80.65138199995272,,,,,,,,,81.15353329991922,578261,001,2024-03-07_11h29.26.700,IAT,2023.2.3,59.90215581285546,2024-03-07 11h29.32.702286 +0800,
,,,,,,,,,,,,,,,,,,,81.17081199993845,,,,,,,,,,,,,,,,,,,,,,,,,,,,,,,,,,,,,,,,,,,,,,,,,,,,,,,,,,,,,,,,,,,,,,,,,,,,,,,,,,,,,,,,,,,,,,,,,,,,,,,,,,,,,,,,,,,,,,,,,,,,,,,,,,,,,,,,,,,,,,,,,,,,,81.15370319993235,81.17081199993845,81.17081199993845,81.17081199993845,81.17081199993845,81.17081199993845,81.17081199993845,81.17081199993845,81.17081199993845,,,,,,,,,,,,,,,,,,,,,,,,,,,,,,,
