﻿trials_2.thisRepN,trials_2.thisTrialN,trials_2.thisN,trials_2.thisIndex,word,answer,thisRow.t,notes,TextDisplay1.started,text_1.started,key1.started,TextDisplay1.stopped,key1.keys,key1.rt,key1.duration,StartResting.started,text_2.started,key2.started,StartResting.stopped,key2.keys,key2.rt,key2.duration,Eyes.started,text_3.started,text_4.started,text_3.stopped,text_4.stopped,Eyes.stopped,Transition1.started,image_1.started,text_5.started,image_1.stopped,text_5.stopped,text_9.started,key_resp_2.started,Transition1.stopped,key_resp_2.keys,key_resp_2.rt,key_resp_2.duration,Instructions11.started,text_19.started,text_20.started,text_21.started,key_resp_7.started,Instructions11.stopped,key_resp_7.keys,key_resp_7.rt,key_resp_7.duration,Task11.started,text_22.started,text_23.started,text_24.started,key_resp_8.started,Task11.stopped,key_resp_8.keys,key_resp_8.corr,key_resp_8.rt,key_resp_8.duration,Judge11.started,name,gender,age,participant,date,expName,psychopyVersion,frameRate,expStart,
,,,,,,,,0.011031100002583116,0.028900899982545525,0.028900899982545525,1.3671987999987323,space,1.3213905000011437,None,,,,,,,,,,,,,,,,,,,,,,,,,,,,,,,,,,,,,,,,,,,,,zcq,1,12,994609,2024-04-19_15h20.53.898,IAT,2023.2.3,60.45506948903139,2024-04-19 15h21.02.504616 +0800,
,,,,,,,,,,,,,,,1.3672161999857053,1.3772246000007726,1.3772246000007726,1.5278273999865633,space,0.14911890000803396,None,,,,,,,,,,,,,,,,,,,,,,,,,,,,,,,,,,,,,,zcq,1,12,994609,2024-04-19_15h20.53.898,IAT,2023.2.3,60.45506948903139,2024-04-19 15h21.02.504616 +0800,
,,,,,,,,,,,,,,,,,,,,,,1.5278457000094932,1.546211000008043,3.526683400006732,3.5660050000005867,5.5388203999900725,5.511893999995664,5.511902199999895,5.5388203999900725,5.5388203999900725,7.541829199995846,7.541829199995846,7.541829199995846,7.541829199995846,8.02492979998351,space,0.48103379999520257,None,,,,,,,,,,,,,,,,,,,,,zcq,1,12,994609,2024-04-19_15h20.53.898,IAT,2023.2.3,60.45506948903139,2024-04-19 15h21.02.504616 +0800,
,,,,,,,,,,,,,,,,,,,,,,,,,,,,,,,,,,,,,,,8.024947900004918,8.041369099984877,8.041369099984877,8.041369099984877,8.041369099984877,8.209739899990382,space,0.1575299999967683,None,,,,,,,,,,,,zcq,1,12,994609,2024-04-19_15h20.53.898,IAT,2023.2.3,60.45506948903139,2024-04-19 15h21.02.504616 +0800,
,,,,,,8.240425900003174,,,,,,,,,,,,,,,,,,,,,,,,,,,,,,,,,,,,,,,,,,8.22929399998975,8.240425900003174,8.240425900003174,8.240425900003174,8.240425900003174,8.826447900006315,e,1,0.5736495000019204,None,8.8268279999902,,,,,,,,,,
